ID;Nombres;Gene names;symbol interactoma;Pfam;Supfam;;
Q15155;Nodal modulator 1 (pM5 protein);NOMO1 PM5;NOMO1;"PF17802;";"SSF49452;SSF49464;";;
Q5JPE7;Nodal modulator 2 (pM5 protein 2);NOMO2;NOMO2;"PF17802;";"SSF49452;SSF49464;";;
P27824;Calnexin (IP90) (Major histocompatibility complex class I antigen-binding protein p88) (p90);CANX;CANX;"PF00262;";"SSF49899;SSF63887;";;
Q8NCG7;Diacylglycerol lipase-beta (DAGL-beta) (DGL-beta) (EC 3.1.1.-) (KCCR13L) (PUFA-specific triacylglycerol lipase) (EC 3.1.1.3) (Sn1-specific diacylglycerol lipase beta);DAGLB;DAGLB;"PF01764;";"SSF53474;";;
P62745;Rho-related GTP-binding protein RhoB (Rho cDNA clone 6) (h6);RHOB ARH6 ARHB;RHOB;"PF00071;";"SSF52540;";;
Q9Y4P3;Transducin beta-like protein 2 (WS beta-transducin repeats protein) (WS-betaTRP) (Williams-Beuren syndrome chromosomal region 13 protein);TBL2 WBSCR13 UNQ563/PRO1125;TBL2;"PF00400;";"SSF50978;";;
Q9Y6B6;GTP-binding protein SAR1b (GTP-binding protein B) (GTBPB);SAR1B SARA2 SARB;SAR1B;"PF00025;";"SSF52540;";;
Q9Y5Z9;UbiA prenyltransferase domain-containing protein 1 (EC 2.5.1.-) (Transitional epithelial response protein 1);UBIAD1 TERE1;UBIAD1;"PF01040;";;;
Q9Y6C9;Mitochondrial carrier homolog 2 (Met-induced mitochondrial protein);MTCH2 MIMP HSPC032;MTCH2;"PF00153;";"SSF103506;";;
Q10471;Polypeptide N-acetylgalactosaminyltransferase 2 (EC 2.4.1.41) (Polypeptide GalNAc transferase 2) (GalNAc-T2) (pp-GaNTase 2) (Protein-UDP acetylgalactosaminyltransferase 2) (UDP-GalNAc:polypeptide N-acetylgalactosaminyltransferase 2) [Cleaved into: Polypeptide N-acetylgalactosaminyltransferase 2 soluble form];GALNT2;GALNT2;"PF00535;PF00652;";"SSF50370;SSF53448;";;
Q14435;Polypeptide N-acetylgalactosaminyltransferase 3 (EC 2.4.1.41) (Polypeptide GalNAc transferase 3) (GalNAc-T3) (pp-GaNTase 3) (Protein-UDP acetylgalactosaminyltransferase 3) (UDP-GalNAc:polypeptide N-acetylgalactosaminyltransferase 3);GALNT3;GALNT3;"PF00535;PF00652;";"SSF50370;SSF53448;";;
O00461;Golgi integral membrane protein 4 (Golgi integral membrane protein, cis) (GIMPc) (Golgi phosphoprotein 4) (Golgi-localized phosphoprotein of 130 kDa) (Golgi phosphoprotein of 130 kDa);GOLIM4 GIMPC GOLPH4 GPP130;GOLIM4;;;;
O15260;Surfeit locus protein 4;SURF4 SURF-4;SURF4;"PF02077;";;;
Q9BVG9;Phosphatidylserine synthase 2 (PSS-2) (PtdSer synthase 2) (EC 2.7.8.29) (Serine-exchange enzyme II);PTDSS2 PSS2;PTDSS2;"PF03034;";;;
Q9Y3E0;Vesicle transport protein GOT1B (Germ cell tumor 2) (Golgi transport 1 homolog B) (Putative NF-kappa-B-activating protein 470) (hGOT1a);GOLT1B GCT2 GOT1A CGI-141 HDCMA39P UNQ432/PRO793;GOLT1B;"PF04178;";;;
Q9UPQ8;Dolichol kinase (EC 2.7.1.108) (Transmembrane protein 15);DOLK KIAA1094 TMEM15 UNQ2422/PRO4980;DOLK;;;;
P54709;Sodium/potassium-transporting ATPase subunit beta-3 (Sodium/potassium-dependent ATPase subunit beta-3) (ATPB-3) (CD antigen CD298);ATP1B3;ATP1B3;"PF00287;";;;
Q9H6R6;Palmitoyltransferase ZDHHC6 (EC 2.3.1.225) (Stearoyltransferase ZDHHC6) (EC 2.3.1.-) (Transmembrane protein H4) (Zinc finger DHHC domain-containing protein 6) (DHHC-6) (Zinc finger protein 376);ZDHHC6 ZNF376;ZDHHC6;"PF01529;PF07653;";;;
Q9H0U4;Ras-related protein Rab-1B (EC 3.6.5.2);RAB1B;RAB1B;"PF00071;";"SSF52540;";;
Q03135;Caveolin-1;CAV1 CAV;CAV1;"PF01146;";;;
Q9NZS9;Bifunctional apoptosis regulator (RING finger protein 47);BFAR BAR RNF47;BFAR;"PF00536;";"SSF47769;";;
Q13445;Transmembrane emp24 domain-containing protein 1 (Interleukin-1 receptor-like 1 ligand) (Putative T1/ST2 receptor-binding protein) (p24 family protein gamma-1) (Tp24) (p24gamma1);TMED1 IL1RL1L IL1RL1LG;TMED1;"PF01105;";"SSF101576;";;
O00180;Potassium channel subfamily K member 1 (Inward rectifying potassium channel protein TWIK-1) (Potassium channel K2P1) (Potassium channel KCNO1);KCNK1 HOHO1 KCNO1 TWIK1;KCNK1;"PF07885;";;;
P21964;Catechol O-methyltransferase (EC 2.1.1.6);COMT;COMT;"PF01596;";"SSF53335;";;
Q13370;cGMP-inhibited 3',5'-cyclic phosphodiesterase B (EC 3.1.4.17) (CGIPDE1) (CGIP1) (Cyclic GMP-inhibited phosphodiesterase B) (CGI-PDE B);PDE3B;PDE3B;"PF00233;";;;
Q13454;Tumor suppressor candidate 3 (Dolichyl-diphosphooligosaccharide--protein glycosyltransferase subunit TUSC3) (Oligosaccharyl transferase subunit TUSC3) (Magnesium uptake/transporter TUSC3) (Protein N33);TUSC3 N33;TUSC3;"PF04756;";"SSF52833;";;
Q15041;ADP-ribosylation factor-like protein 6-interacting protein 1 (ARL-6-interacting protein 1) (Aip-1) (Apoptotic regulator in the membrane of the endoplasmic reticulum);ARL6IP1 ARL6IP ARMER KIAA0069;ARL6IP1;;;;
Q13636;Ras-related protein Rab-31 (Ras-related protein Rab-22B);RAB31 RAB22B;RAB31;"PF00071;";"SSF52540;";;
Q13637;Ras-related protein Rab-32;RAB32;RAB32;"PF00071;";"SSF52540;";;
Q5VV42;Threonylcarbamoyladenosine tRNA methylthiotransferase (EC 2.8.4.5) (CDK5 regulatory subunit-associated protein 1-like 1) (tRNA-t(6)A37 methylthiotransferase);CDKAL1;CDKAL1;"PF04055;PF01938;PF00919;";;;
Q9NR31;GTP-binding protein SAR1a (COPII-associated small GTPase);SAR1A SAR1 SARA SARA1;SAR1A;"PF00025;";"SSF52540;";;
Q15363;Transmembrane emp24 domain-containing protein 2 (Membrane protein p24A) (p24) (p24 family protein beta-1) (p24beta1);TMED2 RNP24;TMED2;"PF01105;";"SSF101576;";;
Q15392;Delta(24)-sterol reductase (EC 1.3.1.72) (24-dehydrocholesterol reductase) (3-beta-hydroxysterol Delta-24-reductase) (Diminuto/dwarf1 homolog) (Seladin-1);DHCR24 KIAA0018;DHCR24;"PF01565;";"SSF56176;";;
Q9NRZ5;1-acyl-sn-glycerol-3-phosphate acyltransferase delta (EC 2.3.1.51) (1-acylglycerol-3-phosphate O-acyltransferase 4) (1-AGP acyltransferase 4) (1-AGPAT 4) (Lysophosphatidic acid acyltransferase delta) (LPAAT-delta);AGPAT4 UNQ499/PRO1016;AGPAT4;"PF16076;PF01553;";;;
Q99735;Microsomal glutathione S-transferase 2 (Microsomal GST-2) (EC 2.5.1.18) (Glutathione peroxidase MGST2) (EC 1.11.1.-) (Leukotriene C4 synthase MGST2) (EC 4.4.1.20) (Microsomal glutathione S-transferase II) (Microsomal GST-II);MGST2 GST2;MGST2;"PF01124;";"SSF161084;";;
Q99442;Translocation protein SEC62 (Translocation protein 1) (TP-1) (hTP-1);SEC62 TLOC1;TLOC1;"PF03839;";;;
Q15800;Methylsterol monooxygenase 1 (EC 1.14.18.9) (C-4 methylsterol oxidase) (Sterol-C4-methyl oxidase);MSMO1 DESP4 ERG25 SC4MOL;SC4MOL;"PF04116;";;;
Q96A29;GDP-fucose transporter 1 (Solute carrier family 35 member C1);SLC35C1 FUCT1;SLC35C1;"PF03151;";;;
Q15904;V-type proton ATPase subunit S1 (V-ATPase subunit S1) (Protein XAP-3) (V-ATPase Ac45 subunit) (V-ATPase S1 accessory protein) (Vacuolar proton pump subunit S1);ATP6AP1 ATP6IP1 ATP6S1 VATPS1 XAP3;ATP6AP1;"PF05827;";;;
Q15907;Ras-related protein Rab-11B (EC 3.6.5.2) (GTP-binding protein YPT3);RAB11B YPT3;RAB11B;"PF00071;";"SSF52540;";;
P27701;CD82 antigen (C33 antigen) (IA4) (Inducible membrane protein R2) (Metastasis suppressor Kangai-1) (Suppressor of tumorigenicity 6 protein) (Tetraspanin-27) (Tspan-27) (CD antigen CD82);CD82 KAI1 SAR2 ST6 TSPAN27;CD82;"PF00335;";"SSF48652;";;
Q9NZ45;CDGSH iron-sulfur domain-containing protein 1 (MitoNEET);CISD1 C10orf70 ZCD1 MDS029;CISD1;"PF10660;PF09360;";;;
Q9NQC3;Reticulon-4 (Foocen) (Neurite outgrowth inhibitor) (Nogo protein) (Neuroendocrine-specific protein) (NSP) (Neuroendocrine-specific protein C homolog) (RTN-x) (Reticulon-5);RTN4 KIAA0886 NOGO My043 SP1507;RTN4;"PF02453;";;;
P04035;3-hydroxy-3-methylglutaryl-coenzyme A reductase (HMG-CoA reductase) (EC 1.1.1.34);HMGCR;HMGCR;"PF00368;PF12349;";"SSF55035;SSF56542;";;
Q9NTJ5;Phosphatidylinositol-3-phosphatase SAC1 (EC 3.1.3.64) (Phosphatidylinositol-4-phosphate phosphatase) (Suppressor of actin mutations 1-like protein);SACM1L KIAA0851 SAC1;SACM1L;"PF02383;";;;
Q92604;Acyl-CoA:lysophosphatidylglycerol acyltransferase 1 (EC 2.3.1.-) (Acyl-CoA:monoacylglycerol acyltransferase LPGAT1) (EC 2.3.1.22);LPGAT1 FAM34A KIAA0205;LPGAT1;"PF16076;PF01553;";;;
Q8NFJ5;Retinoic acid-induced protein 3 (G-protein coupled receptor family C group 5 member A) (Phorbol ester induced gene 1) (PEIG-1) (Retinoic acid-induced gene 1 protein) (RAIG-1);GPRC5A GPCR5A RAI3 RAIG1;GPRC5A;"PF00003;";;;
P12235;ADP/ATP translocase 1 (ADP,ATP carrier protein 1) (ADP,ATP carrier protein, heart/skeletal muscle isoform T1) (Adenine nucleotide translocator 1) (ANT 1) (Solute carrier family 25 member 4);SLC25A4 AAC1 ANT1;SLC25A4;"PF00153;";"SSF103506;";;
O14681;Etoposide-induced protein 2.4 homolog (p53-induced gene 8 protein);EI24 PIG8;EI24;;;;
Q9NRG9;Aladin (Adracalin);AAAS ADRACALA GL003;AAAS;"PF00400;";;;
Q96A33;PAT complex subunit CCDC47 (Calumin) (Coiled-coil domain-containing protein 47);CCDC47 GK001 MSTP041 PSEC0077;CCDC47;"PF07946;";;;
Q00765;Receptor expression-enhancing protein 5 (Polyposis locus protein 1) (Protein TB2);REEP5 C5orf18 DP1 TB2;REEP5;"PF03134;";;;
O14975;Very long-chain acyl-CoA synthetase (VLACS) (VLCS) (EC 6.2.1.-) (Arachidonate--CoA ligase) (EC 6.2.1.15) (Fatty acid transport protein 2) (FATP-2) (Fatty-acid-coenzyme A ligase, very long-chain 1) (Long-chain-fatty-acid--CoA ligase) (EC 6.2.1.3) (Phytanate--CoA ligase) (EC 6.2.1.24) (Solute carrier family 27 member 2) (THCA-CoA ligase) (EC 6.2.1.7) (Very long-chain-fatty-acid-CoA ligase);SLC27A2 ACSVL1 FACVL1 FATP2 VLACS;SLC27A2;"PF00501;PF13193;";;;
Q9NS69;Mitochondrial import receptor subunit TOM22 homolog (hTom22) (1C9-2) (Translocase of outer membrane 22 kDa subunit homolog);TOMM22 TOM22;TOMM22;"PF04281;";;;
O75298;Reticulon-2 (Neuroendocrine-specific protein-like 1) (NSP-like protein 1) (Neuroendocrine-specific protein-like I) (NSP-like protein I) (NSPLI);RTN2 NSPL1;RTN2;"PF02453;";;;
P49069;Guided entry of tail-anchored proteins factor CAMLG (Calcium signal-modulating cyclophilin ligand);CAMLG CAML GET2;CAMLG;"PF14963;";;;
Q9H490;Phosphatidylinositol glycan anchor biosynthesis class U protein (Cell division cycle protein 91-like 1) (Protein CDC91-like 1) (GPI transamidase component PIG-U);PIGU CDC91L1 PSEC0205 UNQ3055/PRO9875;PIGU;;;;
P30519;Heme oxygenase 2 (HO-2) (EC 1.14.14.18);HMOX2 HO2;HMOX2;"PF01126;";"SSF48613;";;
O60831;PRA1 family protein 2;PRAF2 JM4;PRAF2;"PF03208;";;;
P32004;Neural cell adhesion molecule L1 (N-CAM-L1) (NCAM-L1) (CD antigen CD171);L1CAM CAML1 MIC5;L1CAM;"PF13882;PF00041;PF07679;";"SSF48726;SSF49265;";;
O75844;CAAX prenyl protease 1 homolog (EC 3.4.24.84) (Farnesylated proteins-converting enzyme 1) (FACE-1) (Prenyl protein-specific endoprotease 1) (Zinc metalloproteinase Ste24 homolog);ZMPSTE24 FACE1 STE24;ZMPSTE24;"PF01435;PF16491;";;;
Q9P2W9;Syntaxin-18 (Cell growth-inhibiting gene 9 protein);STX18 GIG9;STX18;"PF10496;";;;
P49755;Transmembrane emp24 domain-containing protein 10 (Protein TMED10) (21 kDa transmembrane-trafficking protein) (S31I125) (S31III125) (Tmp-21-I) (Transmembrane protein Tmp21) (p23) (p24 family protein delta-1) (p24delta1) (p24delta);TMED10 TMP21;TMED10;"PF01105;";;;
O95249;Golgi SNAP receptor complex member 1 (28 kDa Golgi SNARE protein) (28 kDa cis-Golgi SNARE p28) (GOS-28);GOSR1 GS28;GOSR1;;;;
Q9HBM0;Vezatin;VEZT;VEZT;"PF12632;";;;
O60503;Adenylate cyclase type 9 (EC 4.6.1.1) (ATP pyrophosphate-lyase 9) (Adenylate cyclase type IX) (ACIX) (Adenylyl cyclase 9) (AC9);ADCY9 KIAA0520;ADCY9;"PF00211;";"SSF55073;";;
O60513;Beta-1,4-galactosyltransferase 4 (Beta-1,4-GalTase 4) (Beta4Gal-T4) (b4Gal-T4) (EC 2.4.1.-) (Beta-N-acetylglucosaminyl-glycolipid beta-1,4-galactosyltransferase) (Lactotriaosylceramide beta-1,4-galactosyltransferase) (EC 2.4.1.275) (N-acetyllactosamine synthase) (EC 2.4.1.90) (Nal synthase) (UDP-Gal:beta-GlcNAc beta-1,4-galactosyltransferase 4) (UDP-galactose:beta-N-acetylglucosamine beta-1,4-galactosyltransferase 4);B4GALT4 UNQ552/PRO1109;B4GALT4;"PF02709;PF13733;";"SSF53448;";;
Q9NRC1;Suppressor of tumorigenicity 7 protein (Protein FAM4A1) (Protein HELG);ST7 FAM4A1 HELG RAY1;ST7;"PF04184;";;;
Q12981;Vesicle transport protein SEC20 (BCL2/adenovirus E1B 19 kDa protein-interacting protein 1) (Transformation-related gene 8 protein) (TRG-8);BNIP1 NIP1 SEC20L TRG8;BNIP1;"PF03908;";;;
P61019;Ras-related protein Rab-2A;RAB2A RAB2;RAB2A;"PF00071;";"SSF52540;";;
Q8TAA9;Vang-like protein 1 (Loop-tail protein 2 homolog) (LPP2) (Strabismus 2) (Van Gogh-like protein 1);VANGL1 STB2;VANGL1;"PF06638;";;;
Q8IWE2;Protein NOXP20 (Nervous system overexpressed protein 20) (Protein FAM114A1);FAM114A1 NOXP20;FAM114A1;"PF05334;";;;
P50402;Emerin;EMD EDMD STA;EMD;"PF03020;";"SSF63451;";;
P50416;Carnitine O-palmitoyltransferase 1, liver isoform (CPT1-L) (EC 2.3.1.21) (Carnitine O-palmitoyltransferase I, liver isoform) (CPT I) (CPTI-L) (Carnitine palmitoyltransferase 1A);CPT1A CPT1;CPT1A;"PF00755;PF16484;";;;
Q9UIX4;Potassium voltage-gated channel subfamily G member 1 (Voltage-gated potassium channel subunit Kv6.1) (kH2);KCNG1;KCNG1;"PF02214;PF00520;";"SSF54695;";;
O15554;Intermediate conductance calcium-activated potassium channel protein 4 (SK4) (SKCa 4) (SKCa4) (IKCa1) (IK1) (KCa3.1) (KCa4) (Putative Gardos channel);KCNN4 IK1 IKCA1 KCA4 SK4;KCNN4;"PF02888;PF07885;PF03530;";"SSF81327;";;
Q9Y2U8;Inner nuclear membrane protein Man1 (LEM domain-containing protein 3);LEMD3 MAN1;LEMD3;"PF03020;PF09402;";"SSF54928;SSF63451;";;
O95870;Phosphatidylserine lipase ABHD16A (EC 3.1.-.-) (Alpha/beta hydrolase domain-containing protein 16A) (Abhydrolase domain-containing protein 16A) (HLA-B-associated transcript 5) (hBAT5) (Monoacylglycerol lipase ABHD16A) (EC 3.1.1.23) (Protein G5);ABHD16A BAT5 G5 NG26 PP199;BAT5;"PF00561;";"SSF53474;";;
Q9HCU5;Prolactin regulatory element-binding protein (Mammalian guanine nucleotide exchange factor mSec12);PREB SEC12;PREB;"PF00400;";"SSF50998;";;
Q9HD20;Endoplasmic reticulum transmembrane helix translocase (EC 7.4.2.-) (Endoplasmic reticulum P5A-ATPase);ATP13A1 ATP13A KIAA1825 CGI-152;ATP13A1;;"SSF56784;SSF81653;SSF81660;SSF81665;";;
Q70UQ0;Inhibitor of nuclear factor kappa-B kinase-interacting protein (I kappa-B kinase-interacting protein) (IKBKB-interacting protein) (IKK-interacting protein);IKBIP IKIP;IKIP;;;;
Q8NCH0;Carbohydrate sulfotransferase 14 (EC 2.8.2.35) (Dermatan 4-sulfotransferase 1) (D4ST-1) (hD4ST1);CHST14 D4ST1 UNQ1925/PRO4400;CHST14;"PF03567;";;;
Q6UX07;Dehydrogenase/reductase SDR family member 13 (EC 1.1.-.-) (Short chain dehydrogenase/reductase family 7C member 5);DHRS13 SDR7C5 UNQ419/PRO853;DHRS13;"PF00106;";"SSF51735;";;
Q96GC9;Vacuole membrane protein 1 (Transmembrane protein 49);VMP1 TDC1 TMEM49 HSPC292;TMEM49;"PF09335;";;;
Q96IW7;Vesicle-trafficking protein SEC22a (SEC22 vesicle-trafficking protein homolog A) (SEC22 vesicle-trafficking protein-like 2);SEC22A SEC22L2;SEC22A;"PF13774;";"SSF64356;";;
Q96JJ7;Protein disulfide-isomerase TMX3 (EC 5.3.4.1) (Thioredoxin domain-containing protein 10) (Thioredoxin-related transmembrane protein 3);TMX3 KIAA1830 TXNDC10;TXNDC10;"PF00085;";"SSF52833;";;
Q7L211;Protein ABHD13 (EC 3.-.-.-) (Alpha/beta hydrolase domain-containing protein 13) (Abhydrolase domain-containing protein 13);ABHD13 C13orf6;ABHD13;"PF12146;";"SSF53474;";;
Q9H1E5;Thioredoxin-related transmembrane protein 4 (Thioredoxin domain-containing protein 13);TMX4 KIAA1162 TXNDC13 PSEC0095 UNQ475/PRO938;TXNDC13;"PF00085;";"SSF52833;";;
Q9H6H4;Receptor expression-enhancing protein 4;REEP4 C8orf20 PP432;REEP4;"PF03134;";;;
Q96HD1;Protein disulfide isomerase CRELD1 (EC 5.3.4.1) (Cysteine-rich with EGF-like domain protein 1);CRELD1 CIRRIN UNQ188/PRO214;CRELD1;"PF11938;PF07645;";"SSF57184;";;
Q96S97;Myeloid-associated differentiation marker (Protein SB135);MYADM UNQ553/PRO1110;MYADM;"PF01284;";;;
P52789;Hexokinase-2 (EC 2.7.1.1) (Hexokinase type II) (HK II) (Hexokinase-B) (Muscle form hexokinase);HK2;HK2;"PF00349;PF03727;";"SSF53067;";;
O60337;E3 ubiquitin-protein ligase MARCHF6 (EC 2.3.2.27) (Doa10 homolog) (Membrane-associated RING finger protein 6) (Membrane-associated RING-CH protein VI) (MARCH-VI) (Protein TEB-4) (RING finger protein 176) (RING-type E3 ubiquitin transferase MARCHF6);MARCHF6 KIAA0597 MARCH6 RNF176 TEB4;MARCHF6 ;"PF12906;";;;
Q53EU6;Glycerol-3-phosphate acyltransferase 3 (GPAT-3) (EC 2.3.1.15) (1-acyl-sn-glycerol-3-phosphate O-acyltransferase 10) (AGPAT 10) (1-acyl-sn-glycerol-3-phosphate O-acyltransferase 9) (1-AGP acyltransferase 9) (1-AGPAT 9) (EC 2.3.1.51) (Acyl-CoA:glycerol-3-phosphate acyltransferase 3) (hGPAT3) (Lung cancer metastasis-associated protein 1) (Lysophosphatidic acid acyltransferase theta) (LPAAT-theta) (MAG-1);GPAT3 AGPAT9 MAG1 HMFN0839 UNQ2753/PRO6492;MAG1;"PF01553;";;;
Q07065;Cytoskeleton-associated protein 4 (63-kDa cytoskeleton-linking membrane protein) (Climp-63) (p63);CKAP4;CKAP4;;;;
Q96KA5;Cleft lip and palate transmembrane protein 1-like protein (CLPTM1-like protein) (Cisplatin resistance-related protein 9) (CRR9p);CLPTM1L CRR9;CLPTM1L;"PF05602;";;;
Q96J42;Thioredoxin domain-containing protein 15;TXNDC15 C5orf14 UNQ335/PRO534;TXNDC15;"PF00085;";"SSF52833;";;
Q8TCJ2;Dolichyl-diphosphooligosaccharide--protein glycosyltransferase subunit STT3B (Oligosaccharyl transferase subunit STT3B) (STT3-B) (EC 2.4.99.18) (Source of immunodominant MHC-associated peptides homolog);STT3B SIMP;STT3B;"PF02516;";;;
Q6NUK4;Receptor expression-enhancing protein 3;REEP3 C10orf74;REEP3;"PF03134;";;;
Q8N4V1;ER membrane protein complex subunit 5 (Membrane magnesium transporter 1) (Transmembrane protein 32);MMGT1 EMC5 TMEM32;MMGT1;"PF10270;";;;
Q8NBM4;Ubiquitin-associated domain-containing protein 2 (UBA domain-containing protein 2) (Phosphoglycerate dehydrogenase-like protein 1);UBAC2 PHGDHL1 PSEC0110;UBAC2;"PF00627;";"SSF46934;";;
Q8WUY1;Protein THEM6 (Mesenchymal stem cell protein DSCD75) (Thioesterase superfamily member 6);THEM6 C8orf55 PSEC0098;C8orf55;;"SSF54637;";;
Q3SXM5;Inactive hydroxysteroid dehydrogenase-like protein 1 (Short chain dehydrogenase/reductase family 12C member 3);HSDL1 SDR12C3;HSDL1;"PF00106;";"SSF51735;";;
O14524;Nuclear envelope integral membrane protein 1;NEMP1 KIAA0286 TMEM194 TMEM194A;TMEM194A;"PF10225;";;;
P42166;"Lamina-associated polypeptide 2, isoform alpha (Thymopoietin isoform alpha) (TP alpha) (Thymopoietin-related peptide isoform alpha) (TPRP isoform alpha) [Cleaved into: Thymopoietin (TP) (Splenin); Thymopentin (TP5)]";TMPO LAP2;TMPO;"PF11560;PF03020;PF08198;";"SSF63451;";;
Q8IVP5;FUN14 domain-containing protein 1;FUNDC1;FUNDC1;"PF04930;";;;
Q53EP0;Fibronectin type III domain-containing protein 3B (Factor for adipocyte differentiation 104) (HCV NS5A-binding protein 37);FNDC3B FAD104 NS5ABP37 UNQ2421/PRO4979/PRO34274;FNDC3B;"PF00041;";"SSF49265;";;
Q8IZU8;Dermatan-sulfate epimerase-like protein (EC 5.1.-.-);DSEL C18orf4 NCAG1;DSEL;"PF00685;";"SSF52540;";;
Q8IZV5;Retinol dehydrogenase 10 (EC 1.1.1.300) (Short chain dehydrogenase/reductase family 16C member 4);RDH10 SDR16C4 UNQ9375/PRO34191;RDH10;"PF00106;";"SSF51735;";;
P51572;B-cell receptor-associated protein 31 (BCR-associated protein 31) (Bap31) (6C6-AG tumor-associated antigen) (Protein CDM) (p28);BCAP31 BAP31 DXS1357E;BCAP31;"PF05529;PF18035;";;;
P17302;Gap junction alpha-1 protein (Connexin-43) (Cx43) (Gap junction 43 kDa heart protein);GJA1 GJAL;GJA1;"PF00029;PF03508;";"SSF118220;";;
Q9BY50;Signal peptidase complex catalytic subunit SEC11C (EC 3.4.21.89) (Microsomal signal peptidase 21 kDa subunit) (SPase 21 kDa subunit) (SEC11 homolog C) (SEC11-like protein 3) (SPC21);SEC11C SEC11L3 SPC21 SPCS4C;SEC11C;"PF00717;";"SSF51306;";;
Q8TCT9;Minor histocompatibility antigen H13 (EC 3.4.23.-) (Intramembrane protease 1) (IMP-1) (IMPAS-1) (hIMP1) (Presenilin-like protein 3) (Signal peptide peptidase);HM13 H13 IMP1 PSL3 SPP MSTP086;HM13;"PF04258;";;;
P60468;Protein transport protein Sec61 subunit beta;SEC61B;SEC61B;"PF03911;";;;
Q86VR2;Reticulophagy regulator 3;RETREG3 FAM134C;FAM134C;;;;
O75462;Cytokine receptor-like factor 1 (Cytokine-like factor 1) (CLF-1) (ZcytoR5);CRLF1 UNQ288/PRO327;CRLF1;"PF09067;PF00041;";"SSF48726;SSF49265;";;
Q8WVC6;Dephospho-CoA kinase domain-containing protein;DCAKD;DCAKD;"PF01121;";"SSF52540;";;
Q14534;Squalene monooxygenase (EC 1.14.14.17) (Squalene epoxidase) (SE);SQLE ERG1;SQLE;"PF08491;";"SSF51905;";;
Q9Y3A6;Transmembrane emp24 domain-containing protein 5 (p24 family protein gamma-2) (p24gamma2) (p28);TMED5 CGI-100 UNQ397/PRO733;TMED5;"PF01105;";"SSF101576;";;
P18031;Tyrosine-protein phosphatase non-receptor type 1 (EC 3.1.3.48) (Protein-tyrosine phosphatase 1B) (PTP-1B);PTPN1 PTP1B;PTPN1;"PF00102;";"SSF52799;";;
P46977;Dolichyl-diphosphooligosaccharide--protein glycosyltransferase subunit STT3A (Oligosaccharyl transferase subunit STT3A) (STT3-A) (EC 2.4.99.18) (B5) (Integral membrane protein 1) (Transmembrane protein TMC);STT3A ITM1 TMC;STT3A;"PF02516;";;;
Q9Y6A1;Protein O-mannosyl-transferase 1 (EC 2.4.1.109) (Dolichyl-phosphate-mannose--protein mannosyltransferase 1);POMT1;POMT1;"PF02815;PF02366;PF16192;";"SSF82109;";;
Q5EB52;Mesoderm-specific transcript homolog protein (EC 3.-.-.-) (Paternally-expressed gene 1 protein);MEST PEG1;MEST;"PF00561;";"SSF53474;";;
Q13586;Stromal interaction molecule 1;STIM1 GOK;STIM1;"PF07647;PF16533;";"SSF47769;";;
P48723;Heat shock 70 kDa protein 13 (Microsomal stress-70 protein ATPase core) (Stress-70 protein chaperone microsome-associated 60 kDa protein);HSPA13 STCH;STCH;"PF00012;";"SSF53067;";;
O00767;Stearoyl-CoA desaturase (hSCD1) (EC 1.14.19.1) (Acyl-CoA desaturase) (Delta(9)-desaturase) (Delta-9 desaturase) (Fatty acid desaturase);SCD FADS5 SCD1 SCDOS;SCD;;;;
P43307;Translocon-associated protein subunit alpha (TRAP-alpha) (Signal sequence receptor subunit alpha) (SSR-alpha);SSR1 TRAPA PSEC0262;SSR1;"PF03896;";;;
Q9H0U3;Magnesium transporter protein 1 (MagT1) (Dolichyl-diphosphooligosaccharide--protein glycosyltransferase subunit MAGT1) (Oligosaccharyl transferase subunit MAGT1) (Implantation-associated protein) (IAP);MAGT1 IAG2 PSEC0084 UNQ628/PRO1244;MAGT1;"PF04756;";"SSF52833;";;
Q8NEW0;Zinc transporter 7 (ZnT-7) (Solute carrier family 30 member 7) (Znt-like transporter 2);SLC30A7 ZNT7 ZNTL2;SLC30A7;"PF01545;";"SSF161111;";;
Q9GZP9;Derlin-2 (Degradation in endoplasmic reticulum protein 2) (DERtrin-2) (Der1-like protein 2) (F-LAN-1) (F-LANa);DERL2 DER2 FLANA CGI-101 SBBI53;DERL2;"PF04511;";;;
P38435;Vitamin K-dependent gamma-carboxylase (EC 4.1.1.90) (Gamma-glutamyl carboxylase) (Peptidyl-glutamate 4-carboxylase) (Vitamin K gamma glutamyl carboxylase);GGCX GC;GGCX;"PF05090;";"SSF51182;";;
O43854;EGF-like repeat and discoidin I-like domain-containing protein 3 (Developmentally-regulated endothelial cell locus 1 protein) (Integrin-binding protein DEL1);EDIL3 DEL1;EDIL3;"PF00008;PF00754;PF12661;";"SSF49785;";;
Q9BX95;Sphingosine-1-phosphate phosphatase 1 (SPPase1) (Spp1) (hSPP1) (hSPPase1) (EC 3.1.3.-) (Sphingosine-1-phosphatase 1) (Sphingosine-1-phosphate phosphohydrolase 1) (SPP-1);SGPP1 SPP1;SGPP1;"PF01569;";"SSF48317;";;
Q86UE4;Protein LYRIC (3D3/LYRIC) (Astrocyte elevated gene-1 protein) (AEG-1) (Lysine-rich CEACAM1 co-isolated protein) (Metadherin) (Metastasis adhesion protein);MTDH AEG1 LYRIC;MTDH;"PF15686;";;;
Q86Y07;Serine/threonine-protein kinase VRK2 (EC 2.7.11.1) (Vaccinia-related kinase 2);VRK2;VRK2;"PF00069;";"SSF56112;";;
P04920;Anion exchange protein 2 (AE 2) (Anion exchanger 2) (Non-erythroid band 3-like protein) (BND3L) (Solute carrier family 4 member 2);SLC4A2 AE2 EPB3L1 HKB3 MPB3L;SLC4A2;"PF07565;PF00955;";"SSF55804;";;
Q5SWX8;Protein odr-4 homolog (hODR-4) (LAG1-interacting protein) (Transactivated by transforming growth factor beta protein 1);ODR4 C1orf27 TTG1 TTG1A;C1orf27;"PF14778;";;;
Q9NRA2;Sialin (H(+)/nitrate cotransporter) (H(+)/sialic acid cotransporter) (AST) (Membrane glycoprotein HP59) (Solute carrier family 17 member 5) (Vesicular H(+)/Aspartate-glutamate cotransporter);SLC17A5;SLC17A5;"PF07690;";"SSF103473;";;
Q9H3N1;Thioredoxin-related transmembrane protein 1 (Thioredoxin domain-containing protein 1) (Transmembrane Trx-related protein);TMX1 TMX TXNDC TXNDC1 PSEC0085 UNQ235/PRO268;TXNDC1;"PF00085;";"SSF52833;";;
Q96AG4;Leucine-rich repeat-containing protein 59 (Ribosome-binding protein p34) (p34) [Cleaved into: Leucine-rich repeat-containing protein 59, N-terminally processed];LRRC59 PRO1855;LRRC59;"PF13855;";;;
P00167;Cytochrome b5 (Microsomal cytochrome b5 type A) (MCB5);CYB5A CYB5;CYB5A;"PF00173;";"SSF55856;";;
Q96QD8;Sodium-coupled neutral amino acid transporter 2 (Amino acid transporter A2) (Protein 40-9-1) (Solute carrier family 38 member 2) (System A amino acid transporter 2) (System A transporter 1) (System N amino acid transporter 2);SLC38A2 ATA2 KIAA1382 SAT2 SNAT2;SNAT2;"PF01490;";;;
Q9Y653;"Adhesion G-protein coupled receptor G1 (G-protein coupled receptor 56) (Protein TM7XN1) [Cleaved into: ADGRG1 N-terminal fragment (ADGRG1 NT) (GPR56 N-terminal fragment) (GPR56 NT) (GPR56(N)) (GPR56 extracellular subunit) (GPR56 subunit alpha); ADGRG1 C-terminal fragment (ADGRG1 CT) (GPR56 C-terminal fragment) (GPR56 CT) (GPR56(C)) (GPR56 seven-transmembrane subunit) (GPR56 7TM) (GPR56 subunit beta)]";ADGRG1 GPR56 TM7LN4 TM7XN1 UNQ540/PRO1083;GPR56;"PF00002;PF18619;PF01825;PF18587;";;;
P69849;Nodal modulator 3 (pM5 protein 3);NOMO3;NOMO3;"PF17802;";"SSF49452;SSF49464;";;
Q9NRX5;Serine incorporator 1 (Tumor differentially expressed protein 1-like) (Tumor differentially expressed protein 2);SERINC1 KIAA1253 TDE1L TDE2 UNQ396/PRO732;SERINC1;"PF03348;";;;
Q0P6H9;Transmembrane protein 62;TMEM62;TMEM62;"PF00149;";;;
Q6UW02;Cytochrome P450 20A1 (EC 1.14.-.-);CYP20A1 UNQ667/PRO1301;CYP20A1;"PF00067;";"SSF48264;";;
Q6UWP7;Lysocardiolipin acyltransferase 1 (EC 2.3.1.-) (1-acylglycerol-3-phosphate O-acyltransferase 8) (1-AGP acyltransferase 8) (1-AGPAT 8) (EC 2.3.1.51) (Acyl-CoA:lysocardiolipin acyltransferase 1);LCLAT1 AGPAT8 ALCAT1 LYCAT UNQ1849/PRO3579;LYCAT;"PF16076;PF01553;";;;
Q86XR7;TIR domain-containing adapter molecule 2 (TICAM-2) (Putative NF-kappa-B-activating protein 502) (TRIF-related adapter molecule) (Toll-like receptor adaptor protein 3) (Toll/interleukin-1 receptor domain-containing protein) (MyD88-4);TICAM2 TIRAP3 TIRP TRAM;TICAM2;"PF13676;";"SSF52200;";;
P62491;Ras-related protein Rab-11A (Rab-11) (EC 3.6.5.2) (YL8);RAB11A RAB11;RAB11A;"PF00071;";"SSF52540;";;
Q96RD7;Pannexin-1;PANX1 MRS1 UNQ2529/PRO6028;PANX1;"PF00876;";;;
Q5JRA6;Transport and Golgi organization protein 1 homolog (TANGO1) (C219-reactive peptide) (D320) (Melanoma inhibitory activity protein 3);MIA3 KIAA0268 TANGO UNQ6077/PRO20088;MIA3;"PF07653;";"SSF50044;";;
O15120;1-acyl-sn-glycerol-3-phosphate acyltransferase beta (EC 2.3.1.51) (1-acylglycerol-3-phosphate O-acyltransferase 2) (1-AGP acyltransferase 2) (1-AGPAT 2) (Lysophosphatidic acid acyltransferase beta) (LPAAT-beta);AGPAT2;AGPAT2;"PF01553;";;;
Q96S52;GPI transamidase component PIG-S (Phosphatidylinositol-glycan biosynthesis class S protein);PIGS UNQ1873/PRO4316;PIGS;"PF10510;";;;
Q8TAD4;Zinc transporter 5 (ZnT-5) (Solute carrier family 30 member 5) (ZnT-like transporter 1) (hZTL1);SLC30A5 ZNT5 ZNTL1 ZTL1 UNQ863/PRO1879;SLC30A5;"PF01545;";"SSF161111;";;
Q9Y394;Dehydrogenase/reductase SDR family member 7 (EC 1.1.-.-) (Retinal short-chain dehydrogenase/reductase 4) (retSDR4) (Short chain dehydrogenase/reductase family 34C member 1);DHRS7 DHRS7A RETSDR4 SDR34C1 CGI-86 UNQ285/PRO3448;DHRS7;"PF00106;";"SSF51735;";;
Q969V3;Nicalin (Nicastrin-like protein);NCLN;NCLN;"PF04389;";;;
O14656;Torsin-1A (Dystonia 1 protein) (Torsin ATPase-1A) (EC 3.6.4.-) (Torsin family 1 member A);TOR1A DQ2 DYT1 TA TORA;TOR1A;"PF06309;";"SSF52540;";;
Q9NP72;Ras-related protein Rab-18;RAB18;RAB18;"PF00071;";"SSF52540;";;
Q9H2C2;Protein ARV1 (hARV1);ARV1 HT035;ARV1;"PF04161;";;;
Q9NVV5;Androgen-induced gene 1 protein (AIG-1) (Fatty acid esters of hydroxy fatty acids hydrolase AIG1) (FAHFA hydrolase AIG1) (EC 3.1.-.-);AIG1 CGI-103;AIG1;"PF04750;";;;
Q9Y2H6;Fibronectin type-III domain-containing protein 3A (Human gene expressed in odontoblasts);FNDC3A FNDC3 HUGO KIAA0970;FNDC3A;"PF00041;";"SSF49265;";;
Q9BT22;Chitobiosyldiphosphodolichol beta-mannosyltransferase (EC 2.4.1.142) (Asparagine-linked glycosylation protein 1 homolog) (Beta-1,4-mannosyltransferase) (GDP-Man:GlcNAc2-PP-dolichol mannosyltransferase) (GDP-mannose-dolichol diphosphochitobiose mannosyltransferase) (Mannosyltransferase-1) (MT-1) (hMat-1);ALG1 HMAT1 HMT1 PSEC0061 UNQ861/PRO1870;ALG1;"PF00534;";;;
Q9H6L5;Reticulophagy regulator 1 (Reticulophagy receptor 1);RETREG1 FAM134B JK1;FAM134B;;;;
Q5H8A4;GPI ethanolamine phosphate transferase 2 (EC 2.-.-.-) (GPI7 homolog) (hGPI7) (Phosphatidylinositol-glycan biosynthesis class G protein) (PIG-G);PIGG GPI7 UNQ1930/PRO4405;PIGG;"PF01663;";"SSF53649;";;
Q9BRR6;ADP-dependent glucokinase (ADP-GK) (ADPGK) (EC 2.7.1.147) (RbBP-35);ADPGK PSEC0260;ADPGK;"PF04587;";"SSF53613;";;
Q96BY9;Store-operated calcium entry-associated regulatory factor (SARAF) (SOCE-associated regulatory factor) (HBV X-transactivated gene 3 protein) (HBV XAg-transactivated protein 3) (Protein FOAP-7) (Transmembrane protein 66);SARAF TMEM66 XTP3 HSPC035 NPD003 PSEC0019 UNQ1967/PRO4499;TMEM66;"PF06682;";;;
Q8N766;ER membrane protein complex subunit 1;EMC1 KIAA0090 PSEC0263;KIAA0090;"PF07774;PF13360;";"SSF50998;";;
O14735;CDP-diacylglycerol--inositol 3-phosphatidyltransferase (EC 2.7.8.11) (Phosphatidylinositol synthase) (PI synthase) (PtdIns synthase);CDIPT PIS PIS1;CDIPT;"PF01066;";;;
Q86V85;Integral membrane protein GPR180 (Intimal thickness-related receptor);GPR180 ITR;GPR180;"PF10192;";;;
Q9BRX8;Peroxiredoxin-like 2A (Peroxiredoxin-like 2 activated in M-CSF stimulated monocytes) (Protein PAMM) (Redox-regulatory protein FAM213A);PRXL2A C10orf58 FAM213A PAMM PRO2290 PSEC0139 UNQ611/PRO1198;C10orf58;"PF13911;";;;
O43760;Synaptogyrin-2 (Cellugyrin);SYNGR2 UNQ352/PRO615;SYNGR2;"PF01284;";;;
Q5SNT2;Transmembrane protein 201 (Spindle-associated membrane protein 1);TMEM201 NET5 SAMP1;SAMP1;"PF10476;PF09779;";;;
P78357;Contactin-associated protein 1 (Caspr) (Caspr1) (Neurexin IV) (Neurexin-4) (p190);CNTNAP1 CASPR NRXN4;CNTNAP1;"PF00754;PF02210;";"SSF49785;SSF49899;SSF56496;";;
P98194;Calcium-transporting ATPase type 2C member 1 (ATPase 2C1) (EC 7.2.2.10) (ATP-dependent Ca(2+) pump PMR1) (Ca(2+)/Mn(2+)-ATPase 2C1) (Secretory pathway Ca(2+)-transporting ATPase type 1) (SPCA1);ATP2C1 KIAA1347 PMR1L HUSSY-28;ATP2C1;"PF00689;PF00690;";"SSF56784;SSF81653;SSF81665;";;
Q9BSJ8;Extended synaptotagmin-1 (E-Syt1) (Membrane-bound C2 domain-containing protein);ESYT1 FAM62A KIAA0747 MBC2;ESYT1;"PF00168;PF17047;";;;
P84157;Matrix-remodeling-associated protein 7;MXRA7;MXRA7;;;;
P16615;Sarcoplasmic/endoplasmic reticulum calcium ATPase 2 (SERCA2) (SR Ca(2+)-ATPase 2) (EC 7.2.2.10) (Calcium pump 2) (Calcium-transporting ATPase sarcoplasmic reticulum type, slow twitch skeletal muscle isoform) (Endoplasmic reticulum class 1/2 Ca(2+) ATPase);ATP2A2 ATP2B;ATP2A2;"PF00689;PF00690;";"SSF56784;SSF81653;SSF81660;SSF81665;";;
Q8N128;Protein FAM177A1;FAM177A1 C14orf24;C14orf24;"PF14774;";;;
Q8TC12;Retinol dehydrogenase 11 (EC 1.1.1.300) (Androgen-regulated short-chain dehydrogenase/reductase 1) (HCV core-binding protein HCBP12) (Prostate short-chain dehydrogenase/reductase 1) (Retinal reductase 1) (RalR1) (Short chain dehydrogenase/reductase family 7C member 1);RDH11 ARSDR1 PSDR1 SDR7C1 CGI-82;RDH11;"PF00106;";"SSF51735;";;
Q6NUT3;Major facilitator superfamily domain-containing protein 12;MFSD12 C19orf28;C19orf28;;"SSF103473;";;
Q9NX78;Transmembrane protein 260;TMEM260 C14orf101;C14orf101;"PF11028;";;;
P16435;NADPH--cytochrome P450 reductase (CPR) (P450R) (EC 1.6.2.4);POR CYPOR;POR;"PF00667;PF00258;PF00175;";"SSF52218;SSF52343;SSF63380;";;
A0FGR8;Extended synaptotagmin-2 (E-Syt2) (Chr2Syt);ESYT2 FAM62B KIAA1228;ESYT2;"PF00168;PF17047;";;;
Q9NRY5;Protein FAM114A2;FAM114A2 C5orf3;FAM114A2;"PF05334;";;;
Q13404;Ubiquitin-conjugating enzyme E2 variant 1 (UEV-1) (CROC-1) (TRAF6-regulated IKK activator 1 beta Uev1A);UBE2V1 CROC1 UBE2V UEV1 P/OKcl.19;UBE2V1;"PF00179;";"SSF54495;";;
B0YJ81;Very-long-chain (3R)-3-hydroxyacyl-CoA dehydratase 1 (EC 4.2.1.134) (3-hydroxyacyl-CoA dehydratase 1) (HACD1) (Cementum-attachment protein) (CAP) (Protein-tyrosine phosphatase-like member A);HACD1 PTPLA;PTPLA;"PF04387;";;;
Q6DD88;Atlastin-3 (EC 3.6.5.-);ATL3;ATL3;"PF02263;PF02841;";"SSF48340;SSF52540;";;
P55061;Bax inhibitor 1 (BI-1) (Testis-enhanced gene transcript protein) (Transmembrane BAX inhibitor motif-containing protein 6);TMBIM6 BI1 TEGT;TEGT;"PF01027;";;;
Q9UH99;SUN domain-containing protein 2 (Protein unc-84 homolog B) (Rab5-interacting protein) (Rab5IP) (Sad1/unc-84 protein-like 2);SUN2 FRIGG KIAA0668 RAB5IP UNC84B;SUN2;"PF18580;PF07738;";;;
Q9UBV2;Protein sel-1 homolog 1 (Suppressor of lin-12-like protein 1) (Sel-1L);SEL1L TSA305 UNQ128/PRO1063;SEL1L;"PF00040;PF08238;";"SSF57440;";;
O15173;Membrane-associated progesterone receptor component 2 (Progesterone membrane-binding protein) (Steroid receptor protein DG6);PGRMC2 DG6 PMBP;PGRMC2;"PF00173;";"SSF55856;";;
P62820;Ras-related protein Rab-1A (EC 3.6.5.2) (YPT1-related protein);RAB1A RAB1;RAB1A;"PF00071;";"SSF52540;";;
Q96PC5;Melanoma inhibitory activity protein 2 (MIA protein 2) (CTAGE family member 5 ER export factor) (Cutaneous T-cell lymphoma-associated antigen 5) (Meningioma-expressed antigen 6/11);MIA2 CTAGE5 MEA11 MEA6 MGEA11 MGEA6;CTAGE5;"PF07653;";"SSF50044;";;
O95292;Vesicle-associated membrane protein-associated protein B/C (VAMP-B/VAMP-C) (VAMP-associated protein B/C) (VAP-B/VAP-C);VAPB UNQ484/PRO983;VAPB;"PF00635;";"SSF49354;";;
Q12770;Sterol regulatory element-binding protein cleavage-activating protein (SCAP) (SREBP cleavage-activating protein);SCAP KIAA0199 PSEC0227;SCAP;"PF12349;PF00400;";"SSF50978;";;
Q9Y385;Ubiquitin-conjugating enzyme E2 J1 (EC 2.3.2.23) (E2 ubiquitin-conjugating enzyme J1) (Non-canonical ubiquitin-conjugating enzyme 1) (NCUBE-1) (Yeast ubiquitin-conjugating enzyme UBC6 homolog E) (HsUBC6e);UBE2J1 NCUBE1 CGI-76 HSPC153 HSPC205;UBE2J1;"PF00179;";"SSF54495;";;
Q9Y5U9;Immediate early response 3-interacting protein 1;IER3IP1 HSPC039;IER3IP1;"PF08571;";;;
O75915;PRA1 family protein 3 (ADP-ribosylation factor-like protein 6-interacting protein 5) (ARL-6-interacting protein 5) (Aip-5) (Cytoskeleton-related vitamin A-responsive protein) (Dermal papilla-derived protein 11) (GTRAP3-18) (Glutamate transporter EAAC1-interacting protein) (JM5) (Prenylated Rab acceptor protein 2) (Protein JWa) (Putative MAPK-activating protein PM27);ARL6IP5 DERP11 JWA PRA2 PRAF3 HSPC127;ARL6IP5;"PF03208;";;;
Q9BUN8;Derlin-1 (Degradation in endoplasmic reticulum protein 1) (DERtrin-1) (Der1-like protein 1);DERL1 DER1 UNQ243/PRO276;DERL1;"PF04511;";;;
P17342;Atrial natriuretic peptide receptor 3 (Atrial natriuretic peptide clearance receptor) (Atrial natriuretic peptide receptor type C) (ANP-C) (ANPR-C) (NPR-C);NPR3 ANPRC C5orf23 NPRC;NPR3;"PF01094;";"SSF53822;";;
O43808;Peroxisomal membrane protein PMP34 (34 kDa peroxisomal membrane protein) (Solute carrier family 25 member 17);SLC25A17 PMP34;SLC25A17;"PF00153;";"SSF103506;";;
Q9NXH8;Torsin-4A (Torsin family 4 member A);TOR4A C9orf167;C9orf167;"PF06309;";"SSF52540;";;
P61026;Ras-related protein Rab-10 (EC 3.6.5.2);RAB10;RAB10;"PF00071;";"SSF52540;";;
Q9NVV0;Trimeric intracellular cation channel type B (TRIC-B) (TRICB) (Transmembrane protein 38B);TMEM38B C9orf87;TMEM38B;"PF05197;";;;
P51571;Translocon-associated protein subunit delta (TRAP-delta) (Signal sequence receptor subunit delta) (SSR-delta);SSR4 TRAPD;SSR4;"PF05404;";;;
P37268;Squalene synthase (SQS) (SS) (EC 2.5.1.21) (FPP:FPP farnesyltransferase) (Farnesyl-diphosphate farnesyltransferase) (Farnesyl-diphosphate farnesyltransferase 1);FDFT1;FDFT1;;"SSF48576;";;
Q92542;Nicastrin;NCSTN KIAA0253 UNQ1874/PRO4317;NCSTN;"PF18266;";;;
Q92643;GPI-anchor transamidase (GPI transamidase) (EC 3.-.-.-) (GPI8 homolog) (hGPI8) (Phosphatidylinositol-glycan biosynthesis class K protein) (PIG-K);PIGK GPI8;PIGK;"PF01650;";;;
Q9H3H5;UDP-N-acetylglucosamine--dolichyl-phosphate N-acetylglucosaminephosphotransferase (EC 2.7.8.15) (GlcNAc-1-P transferase) (G1PT) (GPT) (N-acetylglucosamine-1-phosphate transferase);DPAGT1 DPAGT2;DPAGT1;"PF00953;";;;
Q9NPA0;ER membrane protein complex subunit 7;EMC7 C11orf3 C15orf24 HT022 UNQ905/PRO1926;C15orf24;"PF09430;";"SSF49452;";;
O14966;Ras-related protein Rab-7L1 (Rab-7-like protein 1) (Ras-related protein Rab-29);RAB29 RAB7L1;RAB7L1;"PF00071;";"SSF52540;";;
Q8IWB1;Inositol 1,4,5-trisphosphate receptor-interacting protein (Protein DANGER);ITPRIP DANGER KIAA1754;ITPRIP;"PF03281;";;;
Q9NUQ2;1-acyl-sn-glycerol-3-phosphate acyltransferase epsilon (EC 2.3.1.51) (1-acylglycerol-3-phosphate O-acyltransferase 5) (1-AGP acyltransferase 5) (1-AGPAT 5) (Lysophosphatidic acid acyltransferase epsilon) (LPAAT-epsilon);AGPAT5;AGPAT5;"PF16076;PF01553;";;;
Q9Y2B2;N-acetylglucosaminyl-phosphatidylinositol de-N-acetylase (EC 3.5.1.89) (Phosphatidylinositol-glycan biosynthesis class L protein) (PIG-L);PIGL;PIGL;"PF02585;";"SSF102588;";;
Q8WY22;BRI3-binding protein (I3-binding protein) (Cervical cancer 1 proto-oncogene-binding protein KG19) (HCCRBP-1);BRI3BP KG19;BRI3BP;;;;
O96005;Cleft lip and palate transmembrane protein 1;CLPTM1;CLPTM1;"PF05602;";;;
Q96HH6;Transmembrane protein 19;TMEM19;TMEM19;"PF01940;";;;
Q8N0U8;Vitamin K epoxide reductase complex subunit 1-like protein 1 (VKORC1-like protein 1) (EC 1.17.4.4);VKORC1L1;VKORC1L1;"PF07884;";;;
Q86TM6;E3 ubiquitin-protein ligase synoviolin (EC 2.3.2.27) (RING-type E3 ubiquitin transferase synoviolin) (Synovial apoptosis inhibitor 1);SYVN1 HRD1 KIAA1810;SYVN1;"PF13639;";;;
Q8NHH9;Atlastin-2 (EC 3.6.5.-) (ADP-ribosylation factor-like protein 6-interacting protein 2) (ARL-6-interacting protein 2) (Aip-2);ATL2 ARL6IP2;ARL6IP2;"PF02263;PF02841;";"SSF48340;SSF52540;";;
Q8NF37;Lysophosphatidylcholine acyltransferase 1 (LPC acyltransferase 1) (LPCAT-1) (LysoPC acyltransferase 1) (EC 2.3.1.23) (1-acylglycerol-3-phosphate O-acyltransferase) (EC 2.3.1.51) (1-acylglycerophosphocholine O-acyltransferase) (1-alkenylglycerophosphocholine O-acyltransferase) (EC 2.3.1.25) (1-alkylglycerophosphocholine O-acetyltransferase) (EC 2.3.1.67) (Acetyl-CoA:lyso-platelet-activating factor acetyltransferase) (Acetyl-CoA:lyso-PAF acetyltransferase) (Lyso-PAF acetyltransferase) (LysoPAFAT) (Acyltransferase-like 2) (Phosphonoformate immuno-associated protein 3);LPCAT1 AYTL2 PFAAP3;AYTL2;"PF01553;PF13833;";"SSF47473;";;
O95864;Acyl-CoA 6-desaturase (EC 1.14.19.3) (Delta(6) fatty acid desaturase) (D6D) (Delta(6) desaturase) (Delta-6 desaturase) (Fatty acid desaturase 2);FADS2;FADS2;"PF00173;PF00487;";"SSF55856;";;
P09601;Heme oxygenase 1 (HO-1) (EC 1.14.14.18);HMOX1 HO HO1;HMOX1;"PF01126;";"SSF48613;";;
O14653;Golgi SNAP receptor complex member 2 (27 kDa Golgi SNARE protein) (Membrin);GOSR2 GS27;GOSR2;;"SSF47661;";;
Q9Y3D7;Mitochondrial import inner membrane translocase subunit TIM16 (Mitochondria-associated granulocyte macrophage CSF-signaling molecule) (Presequence translocated-associated motor subunit PAM16);PAM16 MAGMAS TIM16 TIMM16 CGI-136;Magmas;;;;
Q9NW15;Anoctamin-10 (Transmembrane protein 16K);ANO10 TMEM16K;TMEM16K;"PF04547;";;;
P19367;Hexokinase-1 (EC 2.7.1.1) (Brain form hexokinase) (Hexokinase type I) (HK I) (Hexokinase-A);HK1;HK1;"PF00349;PF03727;";"SSF53067;";;
O00264;Membrane-associated progesterone receptor component 1 (mPR) (Dap1) (IZA);PGRMC1 HPR6.6 PGRMC;PGRMC1;"PF00173;";"SSF55856;";;
Q8N2A8;Mitochondrial cardiolipin hydrolase (EC 3.1.-.-) (Choline phosphatase 6) (Mitochondrial phospholipase) (MitoPLD) (Phosphatidylcholine-hydrolyzing phospholipase D6) (Phospholipase D6) (PLD 6) (Protein zucchini homolog);PLD6;PLD6;"PF13091;";;;
O15400;Syntaxin-7;STX7;STX7;"PF05739;PF14523;";"SSF47661;";;
P12236;ADP/ATP translocase 3 (ADP,ATP carrier protein 3) (ADP,ATP carrier protein, isoform T2) (ANT 2) (Adenine nucleotide translocator 3) (ANT 3) (Solute carrier family 25 member 6) [Cleaved into: ADP/ATP translocase 3, N-terminally processed];SLC25A6 AAC3 ANT3 CDABP0051;SLC25A6;"PF00153;";"SSF103506;";;
Q8TED1;Probable glutathione peroxidase 8 (GPx-8) (GSHPx-8) (EC 1.11.1.9);GPX8 UNQ847/PRO1785;GPX8;"PF00255;";"SSF52833;";;
Q13563;Polycystin-2 (PC2) (Autosomal dominant polycystic kidney disease type II protein) (Polycystic kidney disease 2 protein) (Polycystwin) (R48321) (Transient receptor potential cation channel subfamily P member 2);PKD2 TRPP2;PKD2;"PF08016;";"SSF47473;";;
Q8NC44;Reticulophagy regulator 2;RETREG2 C2orf17 FAM134A MAG2;FAM134A;;;;
Q9H497;Torsin-3A (ATP-dependent interferon-responsive protein) (Torsin family 3 member A);TOR3A ADIR;TOR3A;"PF06309;";"SSF52540;";;
Q9NY64;Solute carrier family 2, facilitated glucose transporter member 8 (Glucose transporter type 8) (GLUT-8) (Glucose transporter type X1);SLC2A8 GLUT8 GLUTX1;GLUT8;"PF00083;";"SSF103473;";;
Q96GQ5;RUS family member 1;RUSF1 C16orf58;C16orf58;"PF04884;";;;
Q9BVV7;Mitochondrial import inner membrane translocase subunit Tim21 (TIM21-like protein, mitochondrial);TIMM21 C18orf55 TIM21 HSPC154;TIMM21;"PF08294;";;;
Q8N5M9;Protein jagunal homolog 1;JAGN1;JAGN1;"PF07086;";;;
Q86YN1;Dolichyldiphosphatase 1 (EC 3.6.1.43) (Dolichyl pyrophosphate phosphatase 1);DOLPP1 LSFR2;DOLPP1;"PF01569;";"SSF48317;";;
Q7Z388;Probable C-mannosyltransferase DPY19L4 (EC 2.4.1.-) (Dpy-19-like protein 4) (Protein dpy-19 homolog 4);DPY19L4;DPY19L4;"PF10034;";;;
O75746;Calcium-binding mitochondrial carrier protein Aralar1 (Mitochondrial aspartate glutamate carrier 1) (Solute carrier family 25 member 12);SLC25A12 ARALAR1;SLC25A12;"PF00153;";"SSF103506;SSF47473;";;
Q8TCT7;Signal peptide peptidase-like 2B (SPP-like 2B) (SPPL2b) (EC 3.4.23.-) (Intramembrane protease 4) (IMP-4) (Presenilin homologous protein 4) (PSH4) (Presenilin-like protein 1);SPPL2B IMP4 KIAA1532 PSL1;SPPL2B;"PF02225;PF04258;";;;
P51648;Aldehyde dehydrogenase family 3 member A2 (EC 1.2.1.3) (EC 1.2.1.94) (Aldehyde dehydrogenase 10) (Fatty aldehyde dehydrogenase) (Microsomal aldehyde dehydrogenase);ALDH3A2 ALDH10 FALDH;ALDH3A2;"PF00171;";"SSF53720;";;
O94901;SUN domain-containing protein 1 (Protein unc-84 homolog A) (Sad1/unc-84 protein-like 1);SUN1 KIAA0810 UNC84A;SUN1;"PF18580;PF09387;PF07738;";;;
Q17RY6;Lymphocyte antigen 6K (Ly-6K);LY6K CO16;LY6K;;;;
Q5T4F4;Protrudin (Spastic paraplegia 33 protein) (Zinc finger FYVE domain-containing protein 27);ZFYVE27 SPG33;ZFYVE27;"PF01363;";"SSF57903;";;
Q6NUQ4;Transmembrane protein 214;TMEM214 PP446;TMEM214;"PF10151;";;;
O60858;E3 ubiquitin-protein ligase TRIM13 (EC 2.3.2.27) (B-cell chronic lymphocytic leukemia tumor suppressor Leu5) (Leukemia-associated protein 5) (Putative tumor suppressor RFP2) (RING finger protein 77) (RING-type E3 ubiquitin transferase TRIM13) (Ret finger protein 2) (Tripartite motif-containing protein 13);TRIM13 LEU5 RFP2 RNF77;TRIM13;"PF00643;PF13445;";;;
O14657;Torsin-1B (Torsin ATPase-1B) (EC 3.6.4.-) (Torsin family 1 member B);TOR1B DQ1 FKSG18;TOR1B;"PF06309;";"SSF52540;";;
Q9HDC9;Adipocyte plasma membrane-associated protein (Protein BSCv);APMAP C20orf3 UNQ1869/PRO4305;C20orf3;"PF03088;";;;
Q9NYP7;Elongation of very long chain fatty acids protein 5 (EC 2.3.1.199) (3-keto acyl-CoA synthase ELOVL5) (ELOVL fatty acid elongase 5) (ELOVL FA elongase 5) (Fatty acid elongase 1) (hELO1) (Very long chain 3-ketoacyl-CoA synthase 5) (Very long chain 3-oxoacyl-CoA synthase 5);ELOVL5 ELOVL2 PRO0530;ELOVL5;"PF01151;";;;
A2A2Y4;FERM domain-containing protein 3 (Band 4.1-like protein 4O) (Ovary type protein 4.1) (4.1O);FRMD3 EPB41L4O;FRMD3;"PF08736;PF09380;PF00373;PF09379;";"SSF47031;SSF54236;";;
O95070;Protein YIF1A (54TMp) (YIP1-interacting factor homolog A);YIF1A 54TM HYIF1P YIF1;YIF1A;"PF03878;";;;
Q7Z3D4;LysM and putative peptidoglycan-binding domain-containing protein 3;LYSMD3;LYSMD3;"PF01476;";;;
Q5BJH7;Protein YIF1B (YIP1-interacting factor homolog B);YIF1B PP4519 UNQ3073/PRO9905;YIF1B;"PF03878;";;;
Q71RG4;Transmembrane and ubiquitin-like domain-containing protein 2;TMUB2 FP2653 UNQ1897/PRO4343;TMUB2;"PF00240;";"SSF54236;";;
Q5UCC4;ER membrane protein complex subunit 10 (Hematopoietic signal peptide-containing membrane domain-containing protein 1);EMC10 C19orf63 INM02 UNQ764/PRO1556;C19orf63;;;;
Q9Y5Q0;Fatty acid desaturase 3 (EC 1.14.19.-) (Delta(13) fatty acid desaturase) (Delta(13) desaturase);FADS3 CYB5RP;FADS3;"PF00173;PF00487;";"SSF55856;";;
P0DI83;Ras-related protein Rab-34, isoform NARR (Nine amino-acid residue-repeats);RAB34 NARR;RAB34;;;;
Q5ZPR3;CD276 antigen (4Ig-B7-H3) (B7 homolog 3) (B7-H3) (Costimulatory molecule) (CD antigen CD276);CD276 B7H3 PSEC0249 UNQ309/PRO352;CD276;"PF07686;";"SSF48726;";;
Q9NZJ7;Mitochondrial carrier homolog 1 (Presenilin-associated protein);MTCH1 PSAP CGI-64 UNQ1871/PRO4314;MTCH1;"PF00153;";"SSF103506;";;
Q92545;Transmembrane protein 131 (Protein RW1);TMEM131 KIAA0257 RW1;TMEM131;"PF12371;";;;
P35610;Sterol O-acyltransferase 1 (EC 2.3.1.26) (Acyl-coenzyme A:cholesterol acyltransferase 1) (ACAT-1) (Cholesterol acyltransferase 1);SOAT1 ACACT ACACT1 ACAT ACAT1 SOAT STAT;SOAT1;"PF03062;";;;
Q16850;Lanosterol 14-alpha demethylase (LDM) (EC 1.14.14.154) (CYPLI) (Cytochrome P450 51A1) (Cytochrome P450-14DM) (Cytochrome P45014DM) (Cytochrome P450LI) (Sterol 14-alpha demethylase);CYP51A1 CYP51;CYP51A1;"PF00067;";"SSF48264;";;
B1AH88;Putative peripheral benzodiazepine receptor-related protein;TSPO PBRS;TSPO;;;;
Q15738;Sterol-4-alpha-carboxylate 3-dehydrogenase, decarboxylating (EC 1.1.1.170) (Protein H105e3);NSDHL H105E3;NSDHL;"PF01073;";"SSF51735;";;
Q9UBM7;7-dehydrocholesterol reductase (7-DHC reductase) (EC 1.3.1.21) (Delta7-sterol reductase) (Sterol Delta(7)-reductase) (Sterol reductase SR-2);DHCR7 D7SR;DHCR7;"PF01222;";;;
Q15125;3-beta-hydroxysteroid-Delta(8),Delta(7)-isomerase (EC 5.3.3.5) (Cholestenol Delta-isomerase) (Delta(8)-Delta(7) sterol isomerase) (D8-D7 sterol isomerase) (Emopamil-binding protein);EBP;EBP;;;;
O15118;NPC intracellular cholesterol transporter 1 (Niemann-Pick C1 protein);NPC1;NPC1;"PF16414;PF02460;PF12349;";;;
